name,partner_name,player_type,is_front,p1_passed,p2_received,p2_returned
Jonny,Samir,Player 1,1,10,20,10
Mo,Cedric,Player 1,1,10,20,10
Martin,Fauzan,Player 1,1,10,20,10
Lydia,Breitman,Player 1,0,10,20,10
Adam,Kieran,Player 1,0,10,20,10
Pilnick,Sienna,Player 1,1,10,20,10
Diego,Dylan,Player 1,1,10,20,10
Shahab,Dylan,Player 1,1,10,20,10
Foster,Sienna,Player 1,1,0,0,0
Quinn,Ethan,Player 1,0,5,10,5
David,Akhil,Player 1,0,10,20,10
Coby,Issay,Player 1,0,10,20,11
Raquel,Patrick,Player 1,0,10,20,9
Eunice,Austin,Player 1,1,10,20,10
Sammy,Jake,Player 1,0,0,0,0
Yetayal,Ayman,Player 1,0,6,12,6
Jonny,Austin,Player 1,1,10,20,10
Mo,Dylan,Player 1,1,10,20,10
Martin,Dylan,Player 1,1,10,20,10
Adam,Patrick,Player 1,0,10,20,10
Pilnick,Emiliano,Player 1,1,10,20,10
Diego,Leo,Player 1,1,10,20,12
Shahab,Leo,Player 1,1,10,20,14
Foster,Dylan,Player 1,1,0,0,0
Quinn,Ayman,Player 1,0,9,16,8
David,Jake,Player 1,0,10,20,0
Coby,Akhil,Player 1,0,10,20,10
Raquel,Breitman,Player 1,0,5,10,5
Eunice,Samir,Player 1,1,10,20,13
Sammy,Patrick,Player 1,0,0,0,0
Jonny,Emiliano,Player 1,1,10,20,10
Mo,Austin,Player 1,1,10,20,10
Martin,Cedric,Player 1,1,10,20,10
Lydia,Ethan,Player 1,0,10,20,10
Adam,Breitman,Player 1,0,10,20,10
Pilnick,Austin,Player 1,1,10,20,10
Diego,Cedric,Player 1,1,10,20,10
Shahab,Fauzan,Player 1,1,10,20,10
Foster,Samir,Player 1,1,10,10,10
Quinn,Issay,Player 1,0,10,20,10
Coby,Breitman,Player 1,0,10,20,11
Raquel,Kieran,Player 1,0,5,10,5
Eunice,Emiliano,Player 1,1,10,20,14
Sammy,Akhil,Player 1,0,0,0,0
Mo,Leo,Player 1,1,10,20,10
Martin,Sienna,Player 1,1,10,20,10
Lydia,Jake,Player 1,0,10,20,10
Adam,Ayman,Player 1,0,10,20,10
Pilnick,Dylan,Player 1,1,10,20,10
Diego,Fauzan,Player 1,1,10,20,10
Shahab,Fauzan,Player 1,1,10,20,10
Quinn,Akhil,Player 1,0,6,12,6
David,Ethan,Player 1,0,10,20,10
Raquel,Jake,Player 1,0,5,10,1
Eunice,Sienna,Player 1,1,10,20,10
Sammy,Breitman,Player 1,0,0,0,0
Yetayal,Patrick,Player 1,0,6,12,3
Jonny,Dylan,Player 1,1,10,20,10
Mo,Fauzan,Player 1,1,10,20,10
Martin,Samir,Player 1,1,10,20,10
Lydia,Issay,Player 1,0,10,20,10
Adam,Issay,Player 1,0,10,20,10
Pilnick,Cedric,Player 1,1,10,20,10
Diego,Samir,Player 1,1,10,20,12
Shahab,Dylan,Player 1,1,10,20,10
Quinn,Jake,Player 1,0,5,10,0
David,Issay,Player 1,0,10,20,10
Raquel,Issay,Player 1,0,5,10,0
Eunice,Dylan,Player 1,1,10,20,10
Sammy,Kieran,Player 1,0,0,0,0
Yetayal,Ethan,Player 1,0,10,20,10
Jonny,Cedric,Player 1,1,10,20,10
Mo,Emiliano,Player 1,1,8,16,8
Lydia,Ayman,Player 1,0,10,20,10
Adam,Patrick,Player 1,0,10,20,10
Diego,Emiliano,Player 1,1,10,20,10
Shahab,Cedric,Player 1,1,10,20,10
Quinn,Kieran,Player 1,0,8,16,8
Sammy,Ethan,Player 1,0,10,20,10
Jonny,Sienna,Player 1,1,10,20,10
Adam,Jake,Player 1,0,10,20,10
Diego,Sienna,Player 1,1,10,20,10
Shahab,Leo,Player 1,1,10,20,15
Quinn,Ayman,Player 1,0,5,10,5
Yetayal,Ayman,Player 1,0,19,20,10
Adam,Ethan,Player 1,0,10,20,10
Shahab,Sienna,Player 1,1,10,20,10
Quinn,Breitman,Player 1,0,5,10,5
Yetayal,Kieran,Player 1,0,10,20,10