name,partner_name,player_type,is_front,p1_passed,p2_received,p2_returned
Jonny,Sienna,Player 1,1,10,20,10
Mo,Dylan,Player 1,1,10,20,10
Martin,Cedric,Player 1,1,10,20,10
Lydia,Kieran,Player 1,0,10,20,10
Pilnick,Fauzan,Player 1,1,10,20,10
Diego,Dylan,Player 1,1,10,20,10
Foster,Leo,Player 1,1,10,10,10
David,Kieran,Player 1,0,10,20,10
Coby,Ayman,Player 1,0,0,0,0
Raquel,Patrick,Player 1,0,10,20,10
Eunice,Austin,Player 1,1,10,20,10
Sammy,Ayman,Player 1,0,10,20,10
Yetayal,Ethan,Player 1,0,10,20,10
Jonny,Emiliano,Player 1,1,10,20,10
Mo,Sienna,Player 1,1,10,20,10
Martin,Siena,Player 1,1,10,20,10
Pilnick,Austin,Player 1,1,10,20,10
Diego,Cedric,Player 1,1,10,20,10
Foster,Fauzan,Player 1,1,10,10,10
David,Breitman,Player 1,0,10,20,10
Coby,Issay,Player 1,0,0,0,0
Raquel,Issay,Player 1,0,0,0,0
Eunice,Samir,Player 1,1,10,20,11
Sammy,Ethan,Player 1,0,10,20,10
Jonny,Leo,Player 1,1,10,20,14
Mo,Austin,Player 1,1,10,20,10
Martin,Dylan,Player 1,1,10,20,10
Lydia,Jake,Player 1,0,10,20,10
Pilnick,Emiliano,Player 1,1,10,20,10
Diego,Leo,Player 1,1,10,20,15
Foster,Cedric,Player 1,1,10,10,10
David,Patrick,Player 1,0,10,20,10
Coby,Jake,Player 1,0,10,20,11
Raquel,Akhil,Player 1,0,10,20,10
Eunice,Fauzan,Player 1,1,10,20,5
Sammy,Kieran,Player 1,0,10,20,10
Yetayal,Ayman,Player 1,0,10,20,10
Jonny,Austin,Player 1,1,10,20,10
Mo,Samir,Player 1,1,10,20,10
Martin,Emiliano,Player 1,1,10,20,10
Lydia,Jake,Player 1,0,10,20,10
Pilnick,Samir,Player 1,1,10,20,10
Diego,Sienna,Player 1,1,10,20,10
Foster,Austin,Player 1,1,10,10,10
David,Akhil,Player 1,0,10,20,10
Coby,Kieran,Player 1,0,10,20,11
Raquel,Patrick,Player 1,0,10,20,10
Eunice,Cedric,Player 1,1,10,20,10
Sammy,Bretiman,Player 1,0,10,20,10
Yetayal,Kieran,Player 1,0,10,20,10
Jonny,Dylan,Player 1,1,10,20,10
Martin,Fauzan,Player 1,1,10,20,10
Lydia,Ayman,Player 1,0,10,20,10
Pilnick,Dylan,Player 1,1,10,20,10
Diego,Austin,Player 1,1,10,20,10
Eunice,Sienna,Player 1,1,10,20,10
Sammy,Jake,Player 1,0,5,10,10
Jonny,Samir,Player 1,1,10,20,10
Martin,Samir,Player 1,1,10,20,11
Lydia,Breitman,Player 1,0,10,20,10
Diego,Emiliano,Player 1,1,10,20,10
Eunice,Dylan,Player 1,1,10,20,0
Jonny,Cedric,Player 1,1,10,20,10