name,partner_name,round,p1_passed,p2_received,p2_returned,p2_frac_returned,p2_previous_frac_returned,is_one_off,is_front
Jonny,Samir,1,10,20,10,0.5,,0,
Jonny,Samir,2,10,20,10,0.5,0.5,0,
Jonny,Samir,3,10,20,10,0.5,0.5,0,
Jonny,Samir,4,10,20,6,0.3,0.5,0,
Mo,Sienna,1,10,20,10,0.5,,0,
Mo,Sienna,2,10,20,10,0.5,0.5,0,
Mo,Sienna,3,10,20,10,0.5,0.5,0,
Mo,Sienna,4,10,20,5,0.25,0.5,0,
Issay,Akhil,1,10,20,11,0.55,,0,
Issay,Akhil,2,10,20,11,0.55,0.55,0,
Issay,Akhil,3,10,20,10,0.5,0.55,0,
Issay,Akhil,4,10,20,8,0.4,0.5,0,
Martin,Pilnick,1,10,20,10,0.5,,0,
Martin,Pilnick,2,10,20,10,0.5,0.5,0,
Martin,Pilnick,3,10,20,10,0.5,0.5,0,
Martin,Pilnick,4,10,20,10,0.5,0.5,0,
Adam,Patrick,1,10,20,10,0.5,,0,
Adam,Patrick,2,10,20,10,0.5,0.5,0,
Adam,Patrick,3,10,20,10,0.5,0.5,0,
Adam,Patrick,4,10,20,10,0.5,0.5,0,
Diego,Leo,1,10,20,12,0.6,,0,
Diego,Leo,2,10,20,10,0.5,0.6,0,
Diego,Leo,3,10,20,14,0.7,0.5,0,
Diego,Leo,4,10,20,16,0.8,0.7,0,
Kieran,Breitman,1,5,10,5,0.5,,0,
Kieran,Breitman,2,10,20,10,0.5,0.5,0,
Kieran,Breitman,3,10,20,10,0.5,0.5,0,
Kieran,Breitman,4,8,16,8,0.5,0.5,0,
Shahab,Dylan,1,10,20,10,0.5,,0,
Shahab,Dylan,2,10,20,10,0.5,0.5,0,
Shahab,Dylan,3,10,20,10,0.5,0.5,0,
Shahab,Dylan,4,10,20,10,0.5,0.5,0,
Foster,Emiliano ,1,0,0,0,,,0,
Foster,Emiliano ,2,0,0,0,,,0,
Foster,Emiliano ,3,0,0,0,,,0,
Foster,Emiliano ,4,0,0,0,,,0,
Cedric,Fauzan,1,10,20,11,0.55,,0,
Cedric,Fauzan,2,10,20,11,0.55,0.55,0,
Cedric,Fauzan,3,10,20,0,0,0.55,0,
Cedric,Fauzan,4,5,10,6,0.6,0,0,
Quinn,Jake,1,2,4,0,0,,0,
Quinn,Jake,2,5,10,2,0.2,0,0,
Quinn,Jake,3,4,8,0,0,0.2,0,
Quinn,Jake,4,0,0,0,,0,0,
David,Ayman,1,10,20,12,0.6,,0,
David,Ayman,2,10,20,10,0.5,0.6,0,
David,Ayman,3,10,20,10,0.5,0.5,0,
David,Ayman,4,10,20,10,0.5,0.5,0,
Coby,Sammy,1,0,0,0,,,0,
Coby,Sammy,2,0,0,0,,,0,
Coby,Sammy,3,0,0,0,,,0,
Coby,Sammy,4,0,0,0,,,0,
Raquel,Yetayal,1,5,10,5,0.5,,0,
Raquel,Yetayal,2,5,10,2.5,0.25,0.5,0,
Raquel,Yetayal,3,5,10,2.5,0.25,0.25,0,
Raquel,Yetayal,4,10,20,10,0.5,0.25,0,
Ethan,Lydia,1,10,20,10,0.5,,0,
Ethan,Lydia,2,10,20,10,0.5,0.5,0,
Ethan,Lydia,3,10,20,10,0.5,0.5,0,
Ethan,Lydia,4,10,20,10,0.5,0.5,0,
Eunice,Austin,1,10,20,10,0.5,,0,
Eunice,Austin,2,10,20,10,0.5,0.5,0,
Eunice,Austin,3,10,20,10,0.5,0.5,0,
Eunice,Austin,4,10,20,10,0.5,0.5,0,