partner_name,p1_passed_round1,p2_received_round1,p2_returned_round1,p1_passed_round2,p2_received_round2,p2_returned_round2,p1_passed_round3,p2_received_round3,p2_returned_round3,p1_passed_round4,p2_received_round4,p2_returned_round4,name
Samir,10,20,10,10,20,10,10,20,10,10,20,6,Jonny
Sienna,10,20,10,10,20,10,10,20,10,10,20,5,Mo
Akhil,10,20,11,10,20,11,10,20,10,10,20,8,Issay
Pilnick,10,20,10,10,20,10,10,20,10,10,20,10,Martin
Patrick,10,20,10,10,20,10,10,20,10,10,20,10,Adam
Leo,10,20,12,10,20,10,10,20,14,10,20,16,Diego
Breitman,5,10,5,10,20,10,10,20,10,8,16,8,Kieran
Dylan,10,20,10,10,20,10,10,20,10,10,20,10,Shahab
Emiliano ,0,0,0,0,0,0,0,0,0,0,0,0,Foster
Fauzan,10,20,11,10,20,11,10,20,0,5,10,6,Cedric
Jake,2,4,0,5,10,2,4,8,0,0,0,0,Quinn
Ayman,10,20,12,10,20,10,10,20,10,10,20,10,David
Sammy,0,0,0,0,0,0,0,0,0,0,0,0,Coby
Yetayal,5,10,5,5,10,2.5,5,10,2.5,10,20,10,Raquel
Lydia,10,20,10,10,20,10,10,20,10,10,20,10,Ethan
Austin,10,20,10,10,20,10,10,20,10,10,20,10,Eunice