name,partner_name,player_type,is_front,p1_passed,p2_received,p2_returned,p2_frac_returned,p2_previous_frac_returned,is_one_off
Jonny,Samir,Player 1,1,10,20,10,0.5,,1
Mo,Cedric,Player 1,1,10,20,10,0.5,,1
Martin,Fauzan,Player 1,1,10,20,10,0.5,,1
Lydia,Breitman,Player 1,0,10,20,10,0.5,,1
Adam,Kieran,Player 1,0,10,20,10,0.5,,1
Pilnick,Sienna ,Player 1,1,10,20,10,0.5,,1
Diego,Dylan,Player 1,1,10,20,10,0.5,,1
Shahab,Dylan ,Player 1,1,10,20,10,0.5,,1
Foster,Sienna ,Player 1,1,0,0,0,,,1
Quinn,Ethan,Player 1,0,5,10,5,0.5,,1
David,Akhil,Player 1,0,10,20,10,0.5,,1
Coby,Issay,Player 1,0,10,20,11,0.55,,1
Raquel,Patrick,Player 1,0,10,20,9,0.45,,1
Eunice,Austin,Player 1,1,10,20,10,0.5,,1
Sammy,Jake,Player 1,0,0,0,0,,,1
Yetayal,Ayman,Player 1,0,6,12,6,0.5,,1
Jonny,Austin,Player 1,1,10,20,10,0.5,0.5,1
Mo,Dylan,Player 1,1,10,20,10,0.5,0.5,1
Martin,Dylan,Player 1,1,10,20,10,0.5,0.5,1
Lydia,Yetayal,Player 1,0,10,20,10,0.5,0.5,1
Adam,Patrick,Player 1,0,10,20,10,0.5,0.5,1
Pilnick,Emiliano,Player 1,1,10,20,10,0.5,0.5,1
Diego,Leo,Player 1,1,10,20,12,0.6,0.5,1
Shahab,Leo,Player 1,1,10,20,14,0.7,0.5,1
Foster,Dylan,Player 1,1,0,0,0,,,1
Quinn,Ayman,Player 1,0,9,16,8,0.5,0.5,1
David,Jake,Player 1,0,10,20,0,0,0.5,1
Coby,Ahkil,Player 1,0,10,20,10,0.5,0.55,1
Raquel,Ben Breitman,Player 1,0,5,10,5,0.5,0.45,1
Eunice,Samir,Player 1,1,10,20,13,0.65,0.5,1
Sammy,Patrick,Player 1,0,0,0,0,,,1
Yetayal,Lydia,Player 1,0,10,20,10,0.5,0.5,1
Jonny,Emiliano,Player 1,1,10,20,10,0.5,0.5,1
Mo,Austin,Player 1,1,10,20,10,0.5,0.5,1
Martin,Cedric,Player 1,1,10,20,10,0.5,0.5,1
Lydia,Ethan,Player 1,0,10,20,10,0.5,0.5,1
Adam,Ben,Player 1,0,10,20,10,0.5,0.5,1
Pilnick,Austin ,Player 1,1,10,20,10,0.5,0.5,1
Diego,Cedric,Player 1,1,10,20,10,0.5,0.6,1
Shahab,Fauzan,Player 1,1,10,20,10,0.5,0.7,1
Foster,Samir,Player 1,1,10,10,10,1,,1
Quinn,Issay,Player 1,0,10,20,10,0.5,0.5,1
David,Yetayal,Player 1,0,10,20,10,0.5,0,1
Coby,Ben,Player 1,0,10,20,11,0.55,0.5,1
Raquel,Kieran,Player 1,0,5,10,5,0.5,0.5,1
Eunice,Emiliano,Player 1,1,10,20,14,0.7,0.65,1
Sammy,Akil,Player 1,0,0,0,0,,,1
Yetayal,Tiam,Player 1,0,10,20,10,0.5,0.5,1
Jonny,broken_data,Player 1,1,10,20,12,0.6,0.5,1
Mo,Leo,Player 1,1,10,20,10,0.5,0.5,1
Martin,Siena,Player 1,1,10,20,10,0.5,0.5,1
Lydia,Jake,Player 1,0,10,20,10,0.5,0.5,1
Adam,Ayman,Player 1,0,10,20,10,0.5,0.5,1
Pilnick,Dylan ,Player 1,1,10,20,10,0.5,0.5,1
Diego,Fauzan,Player 1,1,10,20,10,0.5,0.5,1
Shahab,Faruzan,Player 1,1,10,20,10,0.5,0.5,1
Foster,,,,,,,,1,1
Quinn,Akhal,Player 1,0,6,12,6,0.5,0.5,1
David,Ethan,Player 1,0,10,20,10,0.5,0.5,1
Coby,,,,,,,,0.55,1
Raquel,Jake,Player 1,0,5,10,1,0.1,0.5,1
Eunice,Sienna,Player 1,1,10,20,10,0.5,0.7,1
Sammy,Ben,Player 1,0,0,0,0,,,1
Yetayal,Patrick,Player 1,0,6,12,3,0.25,0.5,1
Jonny,Dylan,Player 1,1,10,20,10,0.5,0.6,1
Mo,Fauzan,Player 1,1,10,20,10,0.5,0.5,1
Martin,Samir,Player 1,1,10,20,10,0.5,0.5,1
Lydia,Issay,Player 1,0,10,20,10,0.5,0.5,1
Adam,Issay,Player 1,0,10,20,10,0.5,0.5,1
Pilnick,Cedric ,Player 1,1,10,20,10,0.5,0.5,1
Diego,Samir,Player 1,1,10,20,12,0.6,0.5,1
Shahab,Dylan ,Player 1,1,10,20,10,0.5,0.5,1
Foster,,,,,,,,,1
Quinn,Jake,Player 1,0,5,10,0,0,0.5,1
David,Issay,Player 1,0,10,20,10,0.5,0.5,1
Coby,,,,,,,,,1
Raquel,Issay,Player 1,0,5,10,0,0,0.1,1
Eunice,Dylan,Player 1,1,10,20,10,0.5,0.5,1
Sammy,Kieran,Player 1,0,0,0,0,,,1
Yetayal,Ethan,Player 1,0,10,20,10,0.5,0.25,1
Jonny,Cedric,Player 1,1,10,20,10,0.5,0.5,1
Mo,Emiliano,Player 1,1,8,16,8,0.5,0.5,1
Martin,,,,,,,,0.5,1
Lydia,Ayman,Player 1,0,10,20,10,0.5,0.5,1
Adam,Patrick,Player 1,0,10,20,10,0.5,0.5,1
Pilnick,,,,,,,,0.5,1
Diego,Emiliano,Player 1,1,10,20,10,0.5,0.6,1
Shahab,Cedric,Player 1,1,10,20,10,0.5,0.5,1
Foster,,,,,,,,,1
Quinn,Kieran,Player 1,0,8,16,8,0.5,0,1
David,,,,,,,,0.5,1
Coby,,,,,,,,,1
Raquel,,,,,,,,0,1
Eunice,,,,,,,,0.5,1
Sammy,Ethan,Player 1,0,10,20,10,0.5,,1
Yetayal,Lydia,Player 1,0,10,20,10,0.5,0.5,1
Jonny,Sienna,Player 1,1,10,20,10,0.5,,1
Adam,Jake,Player 1,0,10,20,10,0.5,,1
Diego,Sienna,Player 1,1,10,20,10,0.5,,1
Shahab,Leo,Player 1,1,10,20,15,0.75,,1
Quinn,Ayman,Player 1,0,5,10,5,0.5,,1
Yetayal,Ayman,Player 1,0,10,20,10,0.5,,1
Adam,Ethan,Player 1,0,10,20,10,0.5,,1
Shahab,Sienna ,Player 1,1,10,20,10,0.5,,1
Quinn,Ben Breitman,Player 1,0,5,10,5,0.5,,1
Yetayal,Kiran,Player 1,0,10,20,10,0.5,,1