name,partner_name,player_type,is_front_pt3,p1_passed,p2_received,p2_returned,p2_frac_returned,p2_previous_frac_returned,is_one_off,is_front
Jonny,Sienna,Player 1,1,10,20,10,0.5,,1,
Mo,Dylan,Player 1,1,10,20,10,0.5,,1,
Martin,Cedric,Player 1,1,10,20,10,0.5,,1,
Lydia,Kieran,Player 1,0,10,20,10,0.5,,1,
Pilnick,Fauzan ,Player 1,1,10,20,10,0.5,,1,
Diego,Dylan,Player 1,1,10,20,10,0.5,,1,
Foster,Leo,Player 1,1,10,10,10,1,,1,
David,Kieran,Player 1,0,10,20,10,0.5,,1,
Coby,Ayman,Player 1,0,0,0,0,,,1,
Raquel,Patrick,Player 1,0,10,20,10,0.5,,1,
Eunice,Austin,Player 1,1,10,20,10,0.5,,1,
Sammy,Ayman,Player 1,0,10,20,10,0.5,,1,
Yetayal,Ethan ,Player 1,0,10,20,10,0.5,,1,
Jonny,Emiliano,Player 1,1,10,20,10,0.5,0.5,1,
Mo,Sienna,Player 1,1,10,20,10,0.5,0.5,1,
Martin,Siena,Player 1,1,10,20,10,0.5,0.5,1,
Lydia,Yetayal,Player 1,0,10,20,10,0.5,0.5,1,
Pilnick,Austin ,Player 1,1,10,20,10,0.5,0.5,1,
Diego,Cedric,Player 1,1,10,20,10,0.5,0.5,1,
Foster,Fauzan,Player 1,1,10,10,10,1,1,1,
David,Breitman,Player 1,0,10,20,10,0.5,0.5,1,
Coby,Issay,Player 1,0,0,0,0,,,1,
Raquel,Issay,Player 1,0,0,0,0,,0.5,1,
Eunice,Samir,Player 1,1,10,20,11,0.55,0.5,1,
Sammy,Ethan,Player 1,0,10,20,10,0.5,0.5,1,
Yetayal,Lydia ,Player 1,0,10,20,10,0.5,0.5,1,
Jonny,Leo,Player 1,1,10,20,14,0.7,0.5,1,
Mo,Austin,Player 1,1,10,20,10,0.5,0.5,1,
Martin,Dylan,Player 1,1,10,20,10,0.5,0.5,1,
Lydia,Jake,Player 1,0,10,20,10,0.5,0.5,1,
Pilnick,Emiliano ,Player 1,1,10,20,10,0.5,0.5,1,
Diego,Leo,Player 1,1,10,20,15,0.75,0.5,1,
Foster,Cedric,Player 1,1,10,10,10,1,1,1,
David,Patrick,Player 1,0,10,20,10,0.5,0.5,1,
Coby,Jake,Player 1,0,10,20,11,0.55,,1,
Raquel,Akhil,Player 1,0,10,20,10,0.5,,1,
Eunice,Fauzan,Player 1,1,10,20,5,0.25,0.55,1,
Sammy,Kieran,Player 1,0,10,20,10,0.5,0.5,1,
Yetayal,Ayman,Player 1,0,10,20,10,0.5,0.5,1,
Jonny,Austin,Player 1,1,10,20,10,0.5,0.7,1,
Mo,Samir,Player 1,1,10,20,10,0.5,0.5,1,
Martin,Emiliano,Player 1,1,10,20,10,0.5,0.5,1,
Lydia,Jake,Player 1,0,10,20,10,0.5,0.5,1,
Pilnick,Samir ,Player 1,1,10,20,10,0.5,0.5,1,
Diego,Sienna,Player 1,1,10,20,10,0.5,0.75,1,
Foster,Austin,Player 1,1,10,10,10,1,1,1,
David,Akhil,Player 1,0,10,20,10,0.5,0.5,1,
Coby,Kieran,Player 1,0,10,20,11,0.55,0.55,1,
Raquel,Patrick,Player 1,0,10,20,10,0.5,0.5,1,
Eunice,Cedric,Player 1,1,10,20,10,0.5,0.25,1,
Sammy,Bretiman,Player 1,0,10,20,10,0.5,0.5,1,
Yetayal,Kiran,Player 1,0,10,20,10,0.5,0.5,1,
Jonny,Dylan,Player 1,1,10,20,10,0.5,0.5,1,
Mo,,,,,,,,0.5,1,
Martin,Fauzan,Player 1,1,10,20,10,0.5,0.5,1,
Lydia,Ayman,Player 1,0,10,20,10,0.5,0.5,1,
Pilnick,Dylan ,Player 1,1,10,20,10,0.5,0.5,1,
Diego,Austin,Player 1,1,10,20,10,0.5,0.5,1,
Foster,,,,,,,,1,1,
David,,,,,,,,0.5,1,
Coby,,,,,,,,0.55,1,
Raquel,,,,,,,,0.5,1,
Eunice,Sienna,Player 1,1,10,20,10,0.5,0.5,1,
Sammy,Jake,Player 1,0,5,10,10,1,0.5,1,
Yetayal,,,,,,,,0.5,1,
Jonny,Samir,Player 1,1,10,20,10,0.5,,1,
Martin,Samir,Player 1,1,10,20,11,0.55,,1,
Lydia,Breitman,Player 1,0,10,20,10,0.5,,1,
Diego,Emiliano,Player 1,1,10,20,10,0.5,,1,
Eunice,Dylan,Player 1,1,10,20,0,0,,1,
Yetayal,,,,,,,,,1,
Jonny,Cedric,Player 1,1,10,20,10,0.5,,1,