,Name,Email Address,Email,What is your weekly social media usage?,Were you front room or back room?,Which player were you? (Player 1 or 2?),"For Part 1, who was your partner?",Amount Passed by player 1 in Round 1,Amount Received by player 2 in round 1,Amount Returned by player 2 in Round 1,Amount Passed by player 1 in Round 2,Amount Received by player 2 in round 2,Amount Returned by player 2 in Round 2,Amount Passed by player 1 in Round 3,Amount Received by player 2 in round 3,Amount Returned by player 2 in Round 3,Amount Passed by player 1 in Round 4,Amount Received by player 2 in round 4,Amount Returned by player 2 in Round 4,Which player were you? (Player 1 or 2?).1,Who was your partner for one-off game 1?,Amount Passed by player 1 in one-off game 1?,Amount Received by player 2 in one-off game 1?,Amount Returned by player 2 in one-off game 1?,Who was your partner for one-off game 2?,Amount Passed by player 1 in one-off game 2?,Amount Received by player 2 in one-off game 2?,Amount Returned by player 2 in one-off game 2?,Who was your partner for one-off game 3?,Amount Passed by player 1 in one-off game 3?,Amount Received by player 2 in one-off game 3?,Amount Returned by player 2 in one-off game 3?,Who was your partner for one-off game 4?,Amount Passed by player 1 in one-off game 4?,Amount Received by player 2 in one-off game 4?,Amount Returned by player 2 in one-off game 4?,Which player were you? (Player 1 or 2?).2,Who was your partner for one-off game 1?.1,Amount Passed by player 1 in one-off game 1?.1,Amount Received by player 2 in one-off game 1?.1,Amount Returned by player 2 in one-off game 1?.1,Who was your partner for one-off game 2?.1,Amount Passed by player 1 in one-off game 2?.1,Amount Received by player 2 in one-off game 2?.1,Amount Returned by player 2 in one-off game 2?.1,Who was your partner for one-off game 3?.1,Amount Passed by player 1 in one-off game 3?.1,Amount Received by player 2 in one-off game 3?.1,Amount Returned by player 2 in one-off game 3?.1,Who was your partner for one-off game 4?.1,Amount Passed by player 1 in one-off game 4?.1,Amount Received by player 2 in one-off game 4?.1,Amount Returned by player 2 in one-off game 4?.1,Which player were you? (Player 1 or 2?).3,Who was your partner for one-off game 5?,Amount Passed by player 1 in one-off game 5?,Amount Received by player 2 in one-off game 5?,Amount Returned by player 2 in one-off game 5?,Who was your partner for one-off game 6?,Amount Passed by player 1 in one-off game 6?,Amount Received by player 2 in one-off game 6?,Amount Returned by player 2 in one-off game 6?,Who was your partner for one-off game 7?,Amount Passed by player 1 in one-off game 7?,Amount Received by player 2 in one-off game 7?,Amount Returned by player 2 in one-off game 7?,Who was your partner for one-off game 8?,Amount Passed by player 1 in one-off game 8?,Amount Received by player 2 in one-off game 8?,Amount Returned by player 2 in one-off game 8?,Which player were you? (Player 1 or 2?).4,Who was your partner for one-off game 5?.1,Amount Passed by player 1 in one-off game 5?.1,Amount Received by player 2 in one-off game 5?.1,Amount Returned by player 2 in one-off game 5?.1,Who was your partner for one-off game 6?.1,Amount Passed by player 1 in one-off game 6?.1,Amount Received by player 2 in one-off game 6?.1,Amount Returned by player 2 in one-off game 6?.1,Who was your partner for one-off game 7?.1,Amount Passed by player 1 in one-off game 7?.1,Amount Received by player 2 in one-off game 7?.1,Amount Returned by player 2 in one-off game 7?.1,Who was your partner for one-off game 8?.1,Amount Passed by player 1 in one-off game 8?.1,Amount Received by player 2 in one-off game 8?.1,Amount Returned by player 2 in one-off game 8?.1
0,Akhil,akhilkommala2026@u.northwestern.edu,akhilkommala2026@u.northwestern.edu,6-7 Hours,Back Room,Player 2,Issay,10,20,11,10,20,11,10,20,10,10,20,8,Player 2,David,10,20,10,Sammy,0,0,0,Coby,10,20,10,Adam,10,20,10,Player 2,Raquel,10,20,10,Issay,10,20,10,Sammy,10,20,10,Quinn,5,10,5,Player 2,Quinn,6,12,6,,,,,,,,,,,,,Player 2,David,10,20,10,,,,,,,,,,,,
1,Austin,austinkim2026@u.northwestern.edu,austinkim2026@u.northwestern.edu,6-7 Hours,Front Room,Player 2,Eunice,10,20,10,10,20,10,10,20,10,10,20,10,Player 2,Eunice,10,20,10,Jonny,10,20,10,Shahab,10,20,10,Mo,10,20,10,Player 2,Eunice,10,20,10,Pilnick,10,20,10,Jonny,10,20,10,Mo,10,20,10,Player 2,Pilnick,10,20,10,,,,,,,,,,,,,Player 2,Diego,10,20,10,Foster,10,20,10,,,,,,,,
2,Jonny,jonnymyong2025@u.northwestern.edu,jonnymyong2025@u.northwestern.edu,7-8 Hours,Front Room,Player 1,Samir,10,20,10,10,20,10,10,20,10,10,20,6,Player 1,Samir,10,20,10,Austin,10,20,10,Emiliano,10,20,10,ㅣ대,10,20,12,Player 1,Sienna,10,20,10,Emiliano,10,20,10,Leo,10,20,14,Austin,10,20,10,Player 1,Dylan,10,20,10,Cedric,10,20,10,Sienna,10,20,10,,,,,Player 1,Dylan,10,20,10,Samir,10,20,10,Cedric,10,20,10,,,,
3,Mo,henrymoritz2024@u.northwestern.edu,henrymoritz2024@u.northwestern.edu,10+ Hours,Front Room,Player 1,Sienna,10,20,10,10,20,10,10,20,10,10,20,5,Player 1,Cedric,10,20,10,Dylan,10,20,10,Austin,10,20,10,Leo,10,20,10,Player 1,Dylan,10,20,10,Sienna,10,20,10,Austin,10,20,10,Samir,10,20,10,Player 1,Fauzan,10,20,10,Emiliano,8,16,8,,,,,,,,,Player 1,,,,,,,,,,,,,,,,
4,Sienna,siennanoordermeer2026@u.northwestern.edu,siennanoordermeer2026@u.northwestern.edu,5-6 Hours,Front Room,Player 2,Mo,10,20,10,10,20,10,10,20,10,10,20,5,Player 2,Pilnick,10,20,10,Foster,0,0,0,Martin,10,20,10,Eunice,10,20,10,Player 2,Jonny,10,20,10,Martin,10,20,10,Mo,10,20,10,Leo,10,20,10,Player 2,Leo,10,20,10,Jonny,10,20,10,,,,,,,,,Player 2,Shahab,10,20,10,Eunice,10,20,10,,,,,,,,
5,Dylan,dylanyang2025@u.northwestern.edu,dylanyang2025@u.northwestern.edu,10+ Hours,Front Room,Player 2,Shahab,10,10,10,10,10,10,10,10,10,10,10,10,Player 2,Shahab,10,20,10,Diego,10,20,10,Mo,10,20,10,Martin,10,20,10,Player 2,Diego,10,20,10,Mo,10,20,10,Shahab,10,20,10,Martin,10,20,10,Player 2,Jonny,10,20,10,Pilnick,10,20,10,Foster,0,0,0,Eunice,10,20,10,Player 2,Jonny,10,20,10,Pilnick,10,20,10,Eunice,10,20,0,Foster,10,20,10
6,Issay,issayniki2027@u.northwestern.edu,issayniki2027@u.northwestern.edu,10+ Hours,Back Room,Player 1,Akhil,10,20,11,10,20,11,10,20,10,10,20,8,Player 2,Coby,10,20,11,Quinn,10,20,10,Lydia,10,20,10,David,10,20,10,Player 2,Raquel,0,0,0,Coby,0,0,0,Akhil,10,20,10,Raquel,5,10,0,Player 2,,,,,,,,,,,,,,,,,Player 2,,,,,,,,,,,,,,,,
7,Fauzan,fauzanaryaputra2026@u.northwestern.edu,fauzanaryaputra2026@u.northwestern.edu,8-9 Hours,Front Room,Player 2,Cedric,10,20,11,10,20,11,10,20,0,5,10,6,Player 2,Martin,10,20,10,Diego,10,20,10,Shahab,10,20,10,Mo,10,20,10,Player 2,Pilnick,10,20,10,Foster,10,20,10,Eunice,10,20,5,Martin,10,20,10,Player 2,,,,,,,,,,,,,,,,,Player 2,,,,,,,,,,,,,,,,
8,Ayman,aymanhayat2025@u.northwestern.edu,aymanhayat2025@u.northwestern.edu,2-3 Hours,Back Room,Player 2,David,10,20,10,10,20,10,10,20,10,10,20,10,Player 2,Yetayal,6,12,6,Quinn,8,16,8,Adam,10,20,10,Lydia,10,20,10,Player 2,Coby ,0,0,0,Sammy,10,20,10,Quinn,5,10,5,Yetayal,10,20,10,Player 2,,,,,,,,,,,,,,,,,Player 2,Lydia,10,20,10,,,,,,,,,,,,
9,Martin,martinmkrtchian2026@u.northwestern.edu,martinmkrtchian2026@u.northwestern.edu,4-5 Hours,Front Room,Player 1,Ben Pilnick,10,20,10,10,20,10,10,20,10,10,20,10,Player 1,Fauzan,10,20,10,Dylan,10,20,10,Cedric,10,20,10,Siena,10,20,10,Player 1,Cedric,10,20,10,Siena,10,20,10,Dylan,10,20,10,Emiliano,10,20,10,Player 1,Samir,10,20,10,,,,,,,,,,,,,Player 1,Fauzan,10,20,10,Samir,10,20,11,,,,,,,,
10,Lydia,lydiatallarini2025@u.northwestern.edu,lydiatallarini2025@u.northwestern.edu,10+ Hours,Back Room,Player 2,Ethan,10,20,10,10,20,10,10,20,10,10,20,10,Player 1,Breitman,10,20,10,Yetayal,10,20,10,Ethan,10,20,10,Jake,10,20,10,Player 1,Kieran,Y10,20,10,Yetayal,10,20,10,Jake,10,20,10,Jake,10,20,10,Player 1,Issay,10,20,10,Ayman,10,20,10,,,,,,,,,Player 1,Ayman,10,20,10,Breitman,10,20,10,,,,,,,,
11,Adam,adamnajafi2025@u.northwestern.edu,adamnajafi2025@u.northwestern.edu,4-5 Hours,Back Room,Player 1,Patrick,10,20,10,10,20,10,10,20,10,10,20,10,Player 1,Kieran,10,20,10,Patrick,10,20,10,Ben,10,20,10,Ayman,10,20,10,Player 1,I submitted all of my part 2 and part 3 previously,I submitted all of my part 2 and part 3 previously,I submitted all of my part 2 and part 3 previously,I submitted all of my part 2 and part 3 previously,I submitted all of my part 2 and part 3 previously,I submitted all of my part 2 and part 3 previously,I submitted all of my part 2 and part 3 previously,I submitted all of my part 2 and part 3 previously,I submitted all of my part 2 and part 3 previously,I submitted all of my part 2 and part 3 previously,I submitted all of my part 2 and part 3 previously,I submitted all of my part 2 and part 3 previously,I submitted all of my part 2 and part 3 previously,I submitted all of my part 2 and part 3 previously,I submitted all of my part 2 and part 3 previously,I submitted all of my part 2 and part 3 previously,Player 1,Issay,10,20,10,Patrick,10,20,10,Jake,10,20,10,Ethan,10,20,10,Player 1,,,,,,,,,,,,,,,,
12,Pilnick,benjaminpilnick2026@u.northwestern.edu,benjaminpilnick2026@u.northwestern.edu,1-2 Hours,Front Room,Player 2,Martin ,10,20,10,10,20,10,10,20,10,10,20,10,Player 1,Sienna ,10,20,10,Emiliano,10,20,10,Austin ,10,20,10,Dylan ,10,20,10,Player 1,Fauzan ,10,20,10,Austin ,10,20,10,Emiliano ,10,20,10,Samir ,10,20,10,Player 1,Cedric ,10,20,10,,,,,,,,,,,,,Player 1,Dylan ,10,20,10,,,,,,,,,,,,
13,Patrick,patrickohara2025@u.northwestern.edu,patrickohara2025@u.northwestern.edu ,8-9 Hours,Back Room,Player 2,Adam,10,20,10,10,20,10,10,20,10,10,20,10,Player 2,Raquel,10,20,9,Sammy,0,0,0,Adam,10,20,10,Yetayal,6,12,3,Player 2,Raquel,10,20,10,Adam,10,20,10,David,10,20,10,Raquel,10,20,10,Player 2,,,,,,,,,,,,,,,,,Player 2,,,,,,,,,,,,,,,,
14,Diego,diegoguerrero2025@u.northwestern.edu,diegoguerrero2025@u.northwestern.edu,2-3 Hours,Front Room,Player 1,Leo,10,20,12,10,20,10,10,20,14,10,20,16,Player 1,Dylan,10,20,10,Leo,10,20,12,Cedric,10,20,10,Fauzan,10,20,10,Player 1,Dylan,10,20,10,Cedric,10,20,10,Leo,10,20,15,Sienna,10,20,10,Player 1,Samir,10,20,12,Emiliano,10,20,10,Sienna,10,20,10,,,,,Player 1,Austin,10,20,10,Emiliano,10,20,10,,,,,,,,
15,Kieran,kieranrowe2025@u.northwestern.edu,kieranrowe2025@u.northwestern.edu ,10+ Hours,Back Room,Player 1,Breitman,5,10,5,10,20,10,10,20,10,8,16,8,Player 2,Adam,10,20,10,Raquel,5,10,5,Sammy,0,0,0,Yetayal,5,10,3,Player 2,Lydia,10,20,10,David,10,20,10,Quinn,8,16,8,Sammy,10,20,10,Player 2,David,10,20,10,,,,,,,,,,,,,Player 2,Coby,10,20,11,Yetayal,10,20,10,,,,,,,,
16,Jake,jakeconnell2025@u.northwestern.edu,jakeconnell2025@u.northwestern.edu,10+ Hours,Back Room,Player 2,Quinn,2,4,0,5,10,2,4,8,0,0,0,0,Player 2,sammy,0,0,0,david,10,20,0,raquel,5,10,1,lydia,10,20,10,Player 2,quinn,5,10,0,lydia,10,20,10,coby,10,20,11,adam,10,20,10,Player 2,quinn,5,10,0,lydia,10,20,10,coby,10,20,11,adam,10,20,10,Player 2,,,,,,,,,,,,,,,,
17,Emiliano,emilianoghislieri2025@u.northwestern.edu,emilianoghislieri2025@u.northwestern.edu,10+ Hours,Front Room,Player 2,Foster,0,0,0,0,0,0,0,0,0,0,0,0,Player 2,Jonny,10,20,10,Ben,10,20,10,Eunice,10,20,14,Diego,10,20,10,Player 2,Jonny,10,20,10,Ben,10,20,10,Martin,10,20,10,Diego,10,20,10,Player 2,Jonny,10,20,10,Ben,10,20,10,Martin,10,20,10,Diego,10,20,10,Player 2,,,,,,,,,,,,,,,,
18,Shahab,shahabkousheshi2025@u.northwestern.edu,Shahabkousheshi2025@u.northwestern.edu,10+ Hours,Front Room,Player 1,Dylan,10,20,10,10,20,10,10,20,10,10,20,10,Player 1,Dylan ,10,20,10,Leo,10,20,14,10,20,10,10,Faruzan,10,20,10,Player 1,.,.,.,.,.,.,.,.,.,.,.,.,.,.,.,.,Player 1,Dylan ,10,20,10,Cedric,10,20,10,Leo,10,20,15,Sienna ,10,20,10,Player 1,,,,,,,,,,,,,,,,
19,Foster,fosterlehman2025@u.northwestern.edu,fosterlehman2025@u.northwestern.edu,2-3 Hours,Front Room,Player 1,Emiliano ,0,0,0,0,0,0,0,0,0,0,0,0,Player 1,Sienna ,0,0,0,Dylan,0,0,0,Samir ,10,10,10,,,,,Player 1,Leo,10,10,10,Fauzan,10,10,10,Cedric,10,10,10,Austin,10,10,10,Player 1,,,,,,,,,,,,,,,,,Player 1,,,,,,,,,,,,,,,,
20,Breitman,benbreitman2024@u.northwestern.edu,benbreitman2024@u.northwestern.edu ,10+ Hours,Back Room,Player 2,Kieran ,5,10,5,10,20,10,10,20,10,8,16,8,Player 2,Lydia,10,20,10,Raquel,5,10,5,Sammy,0,0,0,Adam,10,20,10,Player 2,David ,10,20,10,Quinn,5,10,5,Lydia ,10,20,10,,,,,Player 2,Coby,10,20,11,,,,,,,,,,,,,Player 2,,,,,,,,,,,,,,,,
21,Cedric,cedricsarfo2025@u.northwestern.edu,cedricsarfo2025@u.northwestern.edu,10+ Hours,Front Room,Player 1,Fauzan,10,20,11,10,20,11,10,20,0,5,10,6,Player 2,Mo,10,20,10,Diego,10,20,10,Shahab,10,20,10,Martin,10,20,10,Player 2,Martin,10,20,10,Diego,10,20,10,Shahab,10,20,10,Foster,10,20,10,Player 2,Jonny,10,20,10,Ben,10,20,10,,,,,,,,,Player 2,Eunice,10,20,10,Jonny,10,20,10,,,,,,,,
22,Quinn,quinncapriotti2024@u.northwestern.edu,quinncapriotti2024@u.northwestern.edu,10+ Hours,Back Room,Player 1,Jake Connell,2,4,0,5,10,2,4,8,0,0,0,0,Player 1,Ethan,5,10,5,Ayman,9,16,8,Issay,10,20,10,Akhal,6,12,6,Player 2,,N/a,N/a,N/a,,,,,,n/aa,,,,,,,Player 1,Jake,5,10,0,Kieran,8,16,8,Ayman,5,10,5,Ben Breitman,5,10,5,Player 2,,,,,,,,,,,,,,,,
23,David,thinhlam2025@u.northwestern.edu,davidlam@u.northwestern.edu,10+ Hours,Back Room,Player 1,Ayman,10,20,12,10,20,10,10,20,10,10,20,10,Player 1,Akhil,10,20,10,Jake,10,20,0,Yetayal,10,20,10,Ethan,10,20,10,Player 1,Kieran,10,20,10,Ben Breitman,10,20,10,Patrick,10,20,10,Akhil,10,20,10,Player 1,Issay,10,20,10,Kieran,,,,,,,,,,,,Player 1,,,,,,,,,,,,,,,,
24,Coby,cobygrant-krenz2025@u.northwestern.edu,cobygrant-krenz2025@u.northwestern.edu,2-3 Hours,Back Room,Player 1,Sammy,0,0,0,0,0,0,0,0,0,0,0,0,Player 1,Issay,10,20,11,Ahkil,10,20,10,Ben,10,20,11,na,na,na,na,Player 1,Ayman,0,0,0,Issay,0,0,0,Jake,10,20,11,Kieran,10,20,11,Player 1,,,,,,,,,,,,,,,,,Player 1,,,,,,,,,,,,,,,,
25,Raquel,raquelweinstein2025@u.northwestern.edu,raquelweinstein2025@u.northwestern.edu,10+ Hours,Back Room,Player 1,Yetayal,5,10,5,5,10,2.5,5,10,2.5,10,20,10,Player 1,Patrick,10,20,9,Ben Breitman,5,10,5,Kieran,5,10,5,Jake,5,10,1,Player 1,Patrick,10,20,10,Issay,0,0,0,Akhil,10,20,10,Patrick,10,20,10,Player 1,Issay,5,10,0,,,,,,,,,,,,,Player 1,,,,,,,,,,,,,,,,
26,Ethan,ethanwu2024@u.northwestern.edu,ethanwu2024@u.northwestern.edu,1-2 Hours,Back Room,Player 1,Lydia,10,20,10,10,20,10,10,20,10,10,20,10,Player 2,Quinn,5,10,5,Lydia,10,20,10,David,10,20,10,Sammy,10,20,10,Player 2,Yetayal,10,20,10,Sammy,10,20,10,Lydia,10,20,10,Adam,10,20,10,Player 2,,,,,,,,,,,,,,,,,Player 2,,,,,,,,,,,,,,,,
27,Eunice,eunicekim2026@u.northwestern.edu,eunicekim2026@u.northwestern.edu,10+ Hours,Front Room,Player 1,Austin,10,20,10,10,20,10,10,20,10,10,20,10,Player 1,Austin,10,20,10,Samir,10,20,13,Emiliano,10,20,14,Sienna,10,20,10,Player 1,Austin,10,20,10,Samir,10,20,11,Fauzan,10,20,5,Cedric,10,20,10,Player 1,Dylan,10,20,10,,,,,,,,,,,,,Player 1,Sienna,10,20,10,Dylan,10,20,0,,,,,,,,
28,Samir,samirkhatri2025@u.northwestern.edu,Samirkhatri2025@u.northwestern.edu,1-2 Hours,Front Room,Player 2,Jonny,10,20,10,10,20,10,10,20,10,10,20,6,Player 2,Jonny,10,20,10,Eunice,10,20,13,Diego,10,20,12,Martin,10,20,10,Player 2,Eunice,10,20,11,Pilnick,10,20,11,Jonny,10,20,10,Mo,10,20,11,Player 2,Foster,10,20,10,,,,,,,,,,,,,Player 2,Martin,10,20,11,,,,,,,,,,,,
29,Sammy,sammydubin2025@u.northwestern.edu,sammydubin2025@u.northwestern.edu,6-7 Hours,Back Room,Player 2,Coby,0,0,0,0,0,0,0,0,0,0,0,0,Player 1,Jake,0,0,0,Patrick,0,0,0,Akil,0,0,0,Ben,0,0,0,Player 2,Ayman,10,20,10,Ethan,10,20,10,Kieran,10,20,10,Ben,10,20,10,Player 1,Kieran,0,0,0,Ethan,10,20,10,,,,,,,,,Player 2,Jake,5,10,10,,,,,,,,,,,,
30,Yetayal,yetayaltizale2025@u.northwestern.edu,yetayaltizale2025@u.northwestern.edu,6-7 Hours,Back Room,Player 2,Raquel,5,10,5,5,10,2.5,5,10,2.5,10,20,10,Player 1,Ayman,6,12,6,Lydia,10,20,10,Tiam,10,20,10,Patrick,6,12,3,Player 1,Ethan ,10,20,10,Lydia ,10,20,10,Ayman,10,20,10,Kiran,10,20,10,Player 1,Ethan,10,20,10,Lydia,10,20,10,Ayman,19,20,10,Kiran,10,20,10,Player 1,,,,,,,,,,,,,,,,
31,Leo,lpyleo802@gmail.com,lpyleo802@gmail.com,10+ Hours,Front Room,Player 2,Diego,10,20,12,10,20,10,10,20,14,10,20,16,Player 2,Diego,10,20,12,Shahab,10,20,14,Jonny,10,20,12,Mo,10,20,14,Player 2,Foster,10,20,12,Jonny,10,20,14,Diego,10,20,15,Shahab,10,20,15,Player 2,,,,,,,,,,,,,,,,,Player 2,,,,,,,,,,,,,,,,